{
  "version": "1",
  "cognitoConfig": {
    "identityPoolName": "quantumcalendarporfi3ea2cfbb_identitypool_3ea2cfbb",
    "allowUnauthenticatedIdentities": false,
    "resourceNameTruncated": "quantu3ea2cfbb",
    "userPoolName": "quantumcalendarporfi3ea2cfbb_userpool_3ea2cfbb",
    "autoVerifiedAttributes": [
      "email"
    ],
    "mfaConfiguration": "OFF",
    "mfaTypes": [
      "SMS Text Message"
    ],
    "smsAuthenticationMessage": "Your authentication code is {####}",
    "smsVerificationMessage": "Your verification code is {####}",
    "emailVerificationSubject": "Your verification code",
    "emailVerificationMessage": "Your verification code is {####}",
    "defaultPasswordPolicy": false,
    "passwordPolicyMinLength": 8,
    "passwordPolicyCharacters": [],
    "requiredAttributes": [
      "email"
    ],
    "aliasAttributes": [],
    "userpoolClientGenerateSecret": false,
    "userpoolClientRefreshTokenValidity": 30,
    "userpoolClientWriteAttributes": [],
    "userpoolClientReadAttributes": [],
    "userpoolClientLambdaRole": "quantu3ea2cfbb_userpoolclient_lambda_role",
    "userpoolClientSetAttributes": false,
    "sharedId": "3ea2cfbb",
    "resourceName": "quantumcalendarporfi3ea2cfbb",
    "authSelections": "identityPoolAndUserPool",
    "useDefault": "manual",
    "hostedUI": true,
    "usernameAttributes": [
      "email"
    ],
    "hostedUIDomainName": "quantumcalendarporfi3ea2cfbb-3ea2cfbb",
    "authProvidersUserPool": [
      "Google"
    ],
    "hostedUIProviderMeta": "[{\"ProviderName\":\"Google\",\"authorize_scopes\":\"openid email profile\",\"AttributeMapping\":{\"email\":\"email\",\"username\":\"sub\"}}]",
    "userPoolGroupList": [],
    "serviceName": "Cognito",
    "usernameCaseSensitive": false,
    "useEnabledMfas": true,
    "authRoleArn": {
      "Fn::GetAtt": [
        "AuthRole",
        "Arn"
      ]
    },
    "unauthRoleArn": {
      "Fn::GetAtt": [
        "UnauthRole",
        "Arn"
      ]
    },
    "breakCircularDependency": true,
    "dependsOn": [],
    "oAuthMetadata": "{\"AllowedOAuthFlows\":[\"code\"],\"AllowedOAuthScopes\":[\"phone\",\"email\",\"openid\",\"profile\",\"aws.cognito.signin.user.admin\"],\"CallbackURLs\":[\"http://localhost:3000/\"],\"LogoutURLs\":[\"http://localhost:3000/\"]}",
    "userPoolGroups": false,
    "adminQueries": false,
    "thirdPartyAuth": false,
    "authProviders": []
  }
}