{
  "version": 1,
  "serviceConfiguration": {
    "apiName": "defaulttable",
    "serviceName": "AppSync",
    "defaultAuthType": {
      "mode": "AMAZON_COGNITO_USER_POOLS",
      "cognitoUserPoolId": "authquantumcalendarporfi3ea2cfbb"
    },
    "additionalAuthTypes": [
      {
        "mode": "AWS_IAM"
      },
      {
        "mode": "API_KEY",
        "keyDescription": "api key description",
        "expirationTime": 30
      }
    ],
    "conflictResolution": {
      "defaultResolutionStrategy": {
        "type": "NONE"
      }
    }
  }
}